batch,status,reviewer,verified_by,manifest_sha256,membership_sha256
BATCH-001,verified,codex-root,codex-kierkegaard,b1e2bdc075a224071d7fa28fb5c206c4a19b32946dbbe986c7dc5419237f787b,cc1f0023a579651a183847af0353504019e283bebd46905531d9b42cd9b1f6ec
BATCH-002,pending,,,8931af2c9251e53deee02780b228f837f624cba006b974bd3a4bc098d8ad4e96,ce98934732ef4b54800f123a503dd73c276cebb3bec717af787fa4b4bbb7b73e
BATCH-003,pending,,,5916b8c492dca7b7c7964a0ee9763177490b7d26074519408d44a4f531c6131d,c5aee2091247e35bd1aa2799b874f6e2f50b6a0fed5ac6e8ed5809a287cc23d4
BATCH-004,pending,,,0a0ed496ef5429c982ce4e899294ed8ecf145e46c1b2bb55501ad33d9e0b09ed,560f8f15884aa886a5a697b6f35bb941db33d80f768afa205eb9ac93cdebeb38
BATCH-005,pending,,,e893f43a4163195c77240ddd3f9e8ed2cd8f6744d8d01f743205edb6e38ceebe,54927c17e08818c20d054f360c87ecc7dfe7e2b367f998c18f5a88e6bf0e46a6
BATCH-006,verified,codex-root,codex-hypatia,92c315e1dab124fc5a2f3c1b683316bbebfd84cde06ec1d973dabee2153d0bfe,3de1d08ae2a9ed5276fc90de0e380f68ec1ca1cf1476d2b5e12ed8ccae9c24ab
BATCH-007,verified,codex-kierkegaard,codex-galileo,c650772412f11e4c5498a9d8afdb99e2510f42c7ebddcaa8c031a5a22951578d,6799afc1e8b7c6720bb0d10efd3a5c9b92f8f9465b09f1deac60411c54528afa
BATCH-008,verified,codex-kierkegaard,codex-galileo,54889ad5a0e867574fabd04ae2640803c7144e64b80bd3af92a101dddda5a841,b444749ae0a996e722a2ba645d2ce880a40ee51e74872ce77287522421f30a19
BATCH-009,verified,codex-galileo,codex-kierkegaard,13ea3747c4e97b146ad24cf37fe5a106c6ad63e40e69fc71f0062718e394f172,3d39d4b5aba5d173a601df8be6619cc8a21b9acd1b9397f0ff9c6a990b046994
BATCH-010,verified,codex-root,codex-hypatia,90c781e566c5e3d99a326d4d381ec334a9b0c91ba86e093f69eea0f9bd57bba7,233fb83ac49454091027482c57e4bc94e5f265beb6ae6262d5d6dbbeefbc8bdc
BATCH-011,verified,codex-galileo,codex-kierkegaard,4776925a7e848642810cb5c520137df968ee980f5fef88f6fbc84d62552aea46,cffd412e60a5983f2e6b0313b8e841ffecd512a3541ddca4af8f455d177eafca
BATCH-012,verified,codex-hypatia,codex-root,7c0c18a6066a5a08de5aa84568a5076681060290b07a66e968ebe0e7b3f0548f,784983ae1f98f9a76010a116e3a8d867d059caebf2eb3f7bf8ff34712441a89c
BATCH-013,verified,codex-hypatia,codex-root,877bc59b2bad920cc326b3153ff2b1189f31d69fa7da5f113c16e7b9a5ffb45a,377db4de88449cc2e897d23167192fe92e68aa9f281ef7fb5e330d1f6ba8e617
BATCH-014,verified,codex-kierkegaard,codex-galileo,e6c07e33ded7e00ef5283e50d023cb171d35359b84d29e3336b20e136893759f,3b301edd8a558e3ce94ed423ee76a51b7cd9b99c7beb6f559d650e5996aba00f
BATCH-015,verified,codex-galileo,codex-kierkegaard,aa24d542879378b28d46c9fcbaf174cc51eb02c24ede130274e57d0ad9c97322,9a68474f80d5d07f2c870768d00dd2a4e558033e2c99f5f2167fcf611d86c0be
BATCH-016,verified,codex-root,codex-hypatia,eb2934c2208fa665178c3cafcf1e62f3d7e14a7da3ac55928473c6827f138612,fe2339c76dca7501a7d5b2412764563fc75c2a9f7453fb7dbff7e60b98e9873f
BATCH-017,verified,codex-hypatia,codex-root,da7a6cde3e6bc2c5ccb8d057be689875edccbf5d51c0e99832357d9c6c1f5e60,2a246345afa37c59459eaf5db3e5a2a1429ba0f7aadcc0eb6a66f6f1eac0c37d
BATCH-018,verified,codex-kierkegaard,codex-galileo,20b0db5866cbc7ed157caf16a53134185016f2288df9ea1fdf51bace78b52506,4f7fc89e571ffa8cb5a9820448e09e5a2f95e7180afd943719badcddecb85dc2
BATCH-019,verified,codex-galileo,codex-kierkegaard,34da8bf49430bd8b431c2b933b82d1547502712b18459099e79ee3c1a6f8848c,91c502e731b36255b8bc196115ecea95cc32086123175280eb2a3bda1ba130f7
BATCH-020,verified,codex-root,codex-hypatia,d1788842916ddfbf189b8334edd42953e9bbf8bb832e91a9452fce2cb68e57e2,85e048de1fb95ec4df67b885c4531c631d59b08af282824d1fbd557a1ed83024
BATCH-021,verified,codex-galileo,codex-kierkegaard,d10ca4e456b7f4a478551bd6c19ab6c7419c55f82aae69d68cebc7f3dad298f3,5bab5779001db9c89171f9fcba80762bf4630a9c29bb1ccc58b4dab3252d9cfc
BATCH-022,verified,codex-galileo,codex-kierkegaard,3bc4efb5a13141e293c1dbe2205b794fedd22a882c0f0966b6db4719ae6556f0,69b56c04c0e8f3066d1f393576401865dffa9e02af8bf4b684b58f2390839e2c
BATCH-023,verified,codex-hypatia,codex-root,144351b44e4f5c2cef896a30e0b1f66a903dff8bce2930cbe787701e3a6cc908,a843be35409662920907ac4e7c95e06f72087bd0be06094e85bbca7a0f2bab18
BATCH-024,verified,codex-kierkegaard,codex-galileo,80a040c0aa0bba00185b191aa0f66ce4342b62a4d8491743c67ce8e2ad5962dd,bad3bbcd9e8d01c75c2d8822c8c7ecd6ecdea44c217533ba46facfa746f35e38
BATCH-025,verified,codex-galileo,codex-kierkegaard,61612bed363da6de64dea26ade77eb6f4e30846c25dd0f72715cea3aea589923,bb49b15dc177446e5c525b682f284d7796f3eb57bb7d30ffe0b14e196733e1ea
BATCH-026,verified,codex-kierkegaard,codex-galileo,bcd8c4b24b4cb12067ce3ca387d22ff778fb93d8a83608c13121fe5a1260acf1,0be40cdbd2b5a7515ec283b4de463545d479347f70544091856dd9482a97d395
BATCH-027,verified,codex-kierkegaard,codex-galileo,9e9e098c7133575d3db47dabacd5fb1e165a58e6961d16d1d61a94ee15b2dfde,b6ab213f748e72dfcce27c1330b4dde995d56605978f526e3c483b364135e65e
BATCH-028,verified,codex-kierkegaard,codex-galileo,27706c6ed100ecb9863e1674bf64b7a2383d1ecfdb226b4003c5f5b76dafcc38,44f406e097f9fc605c73123aa2ba16f6efa79cacd85945dd21dc5ab074782917
BATCH-029,verified,codex-galileo,codex-kierkegaard,0a1231e9979f42c354c48a0ad59ff9b4d7e700fb6e5bfd0e420977c2ca8cdbe7,40b592d28cce4224a1abe5d1775994efce58121eb2e0ee4729f59ad5f9056c2f
BATCH-030,verified,codex-galileo,codex-kierkegaard,69de2e0694504dd6721fc17e37c8d4f5dde763d6ad889e1e26bb8844c9b9f09a,6719a4d56e4630cc6426be9ecd82ac6f8ac595aac00a63d190db1116b78506f7
BATCH-031,verified,codex-hypatia,codex-root,a9b9a17f3282628daa7620b3a17c9a261737a9825132dd1a6f9bd10c7560c518,aace9c5084e474dd0a6a9115311ec4945144237a5d56a2697060ac4bfdfd35ed
BATCH-032,verified,codex-hypatia,codex-root,e22763bd2405752aeeb71aecb86bd592ad61c55e9a7b5cf0f72adc09c535d568,57305794dc9493cb6adc33040017e1e7606879c89cc425e2ed163e1530811ddd
BATCH-033,verified,codex-root,codex-hypatia,43af7a598372910fd0e020b5ccb66cf85f8fab91a88c48a2a3cdeb5bf85cbd9f,2c780a01dc49d72c03196a2a0883e7766c2742c8c5201eea3ba330736e74dc24
BATCH-034,verified,codex-root,codex-hypatia,0a464516614bcb2956fc1619794c33fef6341b2596d10b55956e9b42a159d234,f64846545e8eff520ca46ca95eb843b69a8270962116fb04fa98a55be273e35f
BATCH-035,verified,codex-galileo,codex-kierkegaard,8e0c0439e071f75443d2cffb3fed9de449057d15411d584e181c2759891544fb,7bdae370bdb2adcf1d8be81a918847746a752a4dd1d8bf8ebc8d3b7cb3381679
BATCH-036,verified,codex-kierkegaard,codex-root,45fc9888096225d198b973be362e835024b2d27cf443d1f94858464bce179285,4117d71c910eb5aa19d870d2181634c498931312912e459bc9b50ba460ccc75e
BATCH-037,verified,codex-kierkegaard,codex-root,1b999c8ec461d96f0a24622ef9cba0e8e83c2bbea23e5153b83b97f05eef28ca,9ad0d7bc85bd1d829711875d55e886e8602f1d6b511b31059ca743e381e12c83
BATCH-038,verified,codex-kierkegaard,codex-root,7dd1165c25139b94272c361d5c26d33f3bad542c09bb9b87f97087ee2fcecfaf,61134300466349f71e7ac5cddd49ce4816d2d33ff5bcd637db17e66bffbf28bb
BATCH-039,verified,codex-galileo,codex-kierkegaard,6ae5f074fcf7085d75571a975e75a6077b10a6f59579e26679a7eb8975025f27,3cee18db16fa714b5f8917d81fa06b4730aa3e83c9c201cdb6363fef04a7471a
BATCH-040,verified,codex-galileo,codex-kierkegaard,27a1066595b2b739b8118258cd7b778a9bd5e556ebc782c9b391181cb441b8cd,4ef37624b0f5270370512ab6c048f74de58f116ecd324573bf6de13954c5f922
BATCH-041,verified,codex-hypatia,codex-galileo,18f1d9eb58dcd3f72684eaba4b62893cd926d3000e1882d360fd1cdd92ae806e,4732da1e8de08928f917fe8acc3eda1b6537774b2044b8741eea2d7c40772338
BATCH-042,verified,codex-hypatia,codex-galileo,9337510d241cf83b666ece89911a263c87a1a3a6efa7a4e4177200e103a02769,4e671eaf763c46eef47239bf66f73b03e1b7c5cc2102d8ba5014deda4656252f
BATCH-043,verified,codex-root,codex-hypatia,e0e6550d160ef0587bd7e90911c155877c37098bb3ab082e3180e8886164a2a3,f7bcb1958ff928d9f7c98447cc0379b1bfd0c54701d2c761c706b328fa00e4a5
BATCH-044,verified,codex-root,codex-hypatia,85275187811d1d18f32ea8ad64fafea9b66819e993798ba552862228baaeb1ee,a3feb2c5c392f0accd790d86d5e08c1a7d405eaf170ca57adb64248fa4a82f62
BATCH-045,verified,codex-root,codex-hypatia,cec1334dc9e8f79d00973fcde4e29362507aa0009a6d22f75e6d041e1531b18e,34b9b48a80c177bbf958baaca2635a4d7620db8e3c7c0d466ffa4f5f4723dbf5
BATCH-046,verified,codex-kierkegaard,codex-hypatia,1d68076a08fde94e07c3d7261b4c8485854b545b0f424fdb436dc1236e056933,3763d9e3406ca53088ab3ff239b7b28c8bb014c92502d49b8adfe5da7716b450
BATCH-047,verified,codex-galileo,codex-kierkegaard,aa0d2e1a9b84ff8b6d3a540c68a3fee6780e0432025d6eb9365fb98a286716d3,73acbd75926178a32a2f4cc801a826944ff1aa059c8d556074897bd653cc01ae
BATCH-048,verified,codex-hypatia,codex-root,a9476805f1fd68adbdb70f1620e78d99b28b8bb1d0045dfba7e77dd31afd1547,cc492abc20d5b077dba34983c585d565492df720d682bb85f098d452ae03a17a
BATCH-049,verified,codex-root,codex-galileo,34ae56612ce0e4d63cb941b4be1cfd38339c6d762fe4a7780afe11e78e7a84a5,d3a62cf944ff4955963eef2a507d751a79ea4fe533912e86b6e2f0fd12435a29
BATCH-050,verified,codex-kierkegaard,codex-hypatia,0a489952aea8987e1bc0d2839428e92fed959a4b2cb767f82629f481d431d88d,d2df103032b1ad5a6d2e1fe7b6b25437b2cc7d7fad4f83479dd5c1c9e11db7b9
BATCH-051,verified,codex-root,codex-galileo,56c956a993152ccb32674e4f2e323a37e4a52105ce7d7ad76b6d2a03875b8392,0b3404c1bdef380684446a2c12fdfffd0aa41019fcab9e067386ae92fe60fb01
BATCH-052,verified,codex-root,codex-galileo,28adec01141afd6dc034f0b1590cb5eb744716e63854d72544a4832767243451,58b60cda77ff57e4f643533f721686894f18aca46101d0fe510c492e84813beb
BATCH-053,verified,codex-root,codex-galileo,a6d1e96bbb71d250f9fa75c333df9061467e7ea8f9144aa7d61fa2316ab3145a,9df7c1f6990276fa658681b469e3d0635725c712ccf994ea6070066a75f36c5e
BATCH-054,verified,codex-root,codex-galileo,cae3aafe5a6606cc060e2389a4003a360854d964910c15f19e52029fdca8d592,24f8ea0c6d2e97cc13a490353c7fcc357c99772f587b4f57709ee24ac9a6c171
BATCH-055,verified,codex-root,codex-galileo,17431fd6af3f4a4ea7dc5a070a5463aabf3aec62de6dc09c10c26929914c0056,b0820551886bc56419d0249460cc9c070294f64d71fdb0f7f9cbe605baa1f073
BATCH-056,verified,codex-hypatia,codex-kierkegaard,8d994b145e04f4067de308c98ea6afea887c88c8949e58164942a4639d07c625,2d4dc7b2b9f7f053339a27a220b5b11f2afd51dc79fa7ae4e03521eae283e3a5
BATCH-057,verified,codex-hypatia,codex-kierkegaard,5e67788c87d98b5e82ac294cce00d0f232fba95879f1191039db105922334807,7a54eac420da19e8c8e0845b202b90993ccbe8a79777c919b36dac726dc9d261
BATCH-058,verified,codex-hypatia,codex-kierkegaard,cddcbcd2e33f0be8e1be5e6c1b52d902f27150cbdda7a81b37d1cbfb666beb23,5d6ea3b6c0092aa77e6e174596ffdb97254bcbde0aeaf1abb97c333107c001f4
BATCH-059,verified,codex-galileo,codex-hypatia,298f0ce78cb0ca2a1fdb6c66aa0efc640bd13b97a87d6b53a9bdfac3d5546707,e05210fd417e0608e5f9bb61ef7243cb00fe157bb0c8dac8da62a0315f3d71e3
BATCH-060,verified,codex-galileo,codex-hypatia,2b14b439e9a8bf45ba8df6c203085bf521a5e27b5404575906ec294a14a2fa01,993c458d819aef6fa9dbf1df4b36391dd5013ffcb24a09f1b847ab6e99f5545a
BATCH-061,verified,codex-galileo,codex-hypatia,14d937fc572b970660bde8055479bc8b5e71877307073d26dac5c4cdda241949,92192461faceae33e7874868a6c5518684bc9d81ff6ec69cb03f5802315fa1d8
BATCH-062,verified,codex-kierkegaard,codex-root,b5b588535b31323b00fab03101d46c7e06707c02fb3dc4e93f13ef4d1c31ce0c,b7806f6a331563acd9b4338ef85cd6465a39fff50ea8ccec2beeb3391da8bd34
BATCH-063,verified,codex-kierkegaard,codex-root,e68fcbdc08ca0347ef05d5ae9c47da9e1f8f603d6cd861e200cf11eb6fd9d1a6,ea01e5c811657f23547d1dfa7e22e730d28ab3204b0234084da17d979cc21d13
BATCH-064,verified,codex-kierkegaard,codex-root,dc124fc60e30e27ae00439896236156db32f2719a1391e2634328c5b58b571b4,ec104584aa8d93ed20b2f784d4c5780c8cf760f5611fe89a856d09ad0d33032b
BATCH-065,verified,codex-root,codex-galileo,ec8de89ac8bd6ce702cb006b66e6dee8b0db0d0677fd531a0c9474dc13a82850,298e3974ec7fb85342796a94eed7f499ed03e05ee7a7a0531904d5552ac703a9
BATCH-066,verified,codex-hypatia,codex-galileo,05987cf7cd4607e2e36c92335ad31572e9afe5dd7e3e9759f51e33891d7eb6a7,2b8b6be423c2acbcc75ed55cdb18dfff1f504c9ae40fdf70a83ac3134c10f06d
BATCH-067,verified,codex-hypatia,codex-galileo,88f733cb85e4826377b3ff3fc9a547a96b621f510c8caa54200d7d78fdefe899,b0e4376a643c8e1b434ccb0d515b0355e7f89e814da4df6ebe372fc0d5d0de6e
BATCH-068,verified,codex-hypatia,codex-galileo,2a25bbd00d907bb2c18041cc7452faa2cad032e2ef73ac1bbe23c41c0deaec66,37845e31ee08ba700f7ac63fa7bf929bc670783b82f5449326abebff3c3fc2f6
BATCH-069,verified,codex-galileo,codex-kierkegaard,7621f7ebc49445eac079512998648f1543b6b4fa2ca9358f6ca346c3b7fca676,a24c792a1781785641b889a52238d75ae7d1790dea69d02c4727197fdd89011b
BATCH-070,verified,codex-galileo,codex-kierkegaard,358a82a5dd7aa56bb3afd9880474ff38ece44ba347aa2a15e6ba6fd61af66457,e15ae3217efc3bebe587bfc05252ed443777d47740a3b39e996e26d6a742ac1b
BATCH-071,verified,codex-galileo,codex-kierkegaard,0fb070dcf1e7194c78f22e0c0daac0e5184b1cd7ffe957b8f60bfa8d8805b063,8b0df0fea6eff5067c42ab45af38e0a87599df5788615b60b737351adca580fe
BATCH-072,verified,codex-kierkegaard,codex-hypatia,57410d352a0632a79228a487a5d2a1ba5c65b432f88acb5b745ff0faed36824f,97321012cc481e1cf9cec359af6226cc9effc428aca26e5947b8fc6b5a471827
BATCH-073,verified,codex-kierkegaard,codex-hypatia,fa14a01a5326fdfe582d32456967af0b8c8eaeec32225a01dd33630b3453c790,4b0ea70f7d15840e7bb4aeef02feb07cf68ae1cadfdde4b569a49f38318fb9db
BATCH-074,verified,codex-kierkegaard,codex-hypatia,737c2634a96a538e3c317b7b34170c7dcf360b34e274178e72c7f725d03a8d98,9b6618484585d581e419cef33b360f50d9632ca9f314fb600e0f0b99f685acfd
BATCH-075,verified,codex-root,codex-hypatia,70e0246f86ad6e4b3242c10a5ebd95124962c67a33557892a2e5e583454409b9,1614b87183d4d987be422e2a7ad6788211f320ea1bc493e78bad81b4330f2485
BATCH-076,verified,codex-hypatia,codex-kierkegaard,1ba833e8785cc4e6af130de77f476e0f51ed20625ce5672d6c89b706d7dfc6fc,8f1301ce860485f33edcc52bc21d17b64889edd111d4700a9a0abc5991db7231
BATCH-077,verified,codex-hypatia,codex-kierkegaard,0fd8cddfaf29e16bb85994be96613b41469b6dbf275f7c5b8715871187438f3b,352e7502926f7abbdc4ed9e76881ef96b33e828e8afcba7392f2cf636ee40b88
BATCH-078,verified,codex-hypatia,codex-kierkegaard,c2c155b97d32144046c91227a6e3ec8850795cdb9b8d456163356098058f85fe,b73a7e1335afec0e1a1abf10dc8ba46a454e81757738a042ebeca06139f60361
BATCH-079,verified,codex-galileo,codex-root,cb8f546697cee25cedf4e30f709ba2e16ecd8317184e514242da4ec0a5ac90e2,f20604422c1dc39acd40acdda713de4aa0266f32ed855caa15e4d76aa7180775
BATCH-080,verified,codex-galileo,codex-root,684cf123b6d0223b3bf4ed5953e2fbce8f81d4fb2c383145f5b661813f283870,3d251318010f5cc8cb4dbf4f5352922017a2ca41fe4691701933b3fa6ec7e593
BATCH-081,verified,codex-galileo,codex-root,cf0414a46a1e52c052b6101b1ae87399f9fad314a760c3fb8d4f15aa3820d97e,661a98cb9006fca1219918fd0b775373fb73c17268f5972f74f02df473d9e0a5
BATCH-082,verified,codex-kierkegaard,codex-hypatia,80f05a3a315e78faca572c659154d0495afa82d0a4e87ee93262840eaaa91719,20f89d0b7ba538dda8f728bf19f6b32847d02454833c13ec1dfe45b3beaa494f
BATCH-083,verified,codex-kierkegaard,codex-hypatia,fb53668fd1d0f32db369f97f9005f0553cea55e7463409e295f1c19d4cf33d0b,7662ecb7c3cd3915d32f675785a16f13b9ba4cf9efcb8dbe6784af836abc80cf
BATCH-084,verified,codex-kierkegaard,codex-hypatia,420e735f9be007430c8d9adfe98f28796667cd35eac1eac0a9e5ab4c91aaa180,5c711722dd913dee53e91ba635a8cefd6ae60d4afb219201e3d1c5bb0b4c5c5b
BATCH-085,verified,codex-root,codex-galileo,6970f0517844fb1c6d52a2771a049754eb524cdf14addaac8ae5d139ee2414be,24f9b5d6d9c0782bfc06b903637dc4eecc0c2d59fc3f51a9894d881ab85ae1d3
BATCH-086,verified,codex-hypatia,codex-kierkegaard,2609114e9b606b72b843deca9ac7fe6b1ded6cf5122d8f68d9741311591b9cf5,1f8180c4507ef6582a50ba61c33c981952e97868da616b3dd4ec92d30adfd6d1
BATCH-087,verified,codex-hypatia,codex-kierkegaard,6c3e2418feef3f9e1d3e4f13d6e6d56b8c8a7600166de87511cab7c9011d0017,713f0e3cbc60991c3b86569e814514d1a282c09f3c4bbb21bca9365f336d9fb9
BATCH-088,verified,codex-hypatia,codex-kierkegaard,ae5a732e2663dd44d1fa9e017bae979b24ce6f4894b0f28ead8a135f14d2fcd0,f0792b87c8dfe3e200c97be61e8f82c308ffd7cfe5ccf4b061c965c62a21d4fd
BATCH-089,verified,codex-kierkegaard,codex-hypatia,3048dfcf83cf25d1929f5f1724025564f641d454fb2cd9132a57559b257fa2ac,afe8fe15b5b16cb6ef425d54cd539e51f1ce205f5d49129ce24f1f706a53d982
BATCH-090,verified,codex-kierkegaard,codex-hypatia,b041f22e4a46fa501ab40a930f28bdd3c7ae045fedea9e5f5f9241c4fcbed870,41bb15f7c8fc4bfd682d8cf1aeaeddbc91713c31568e14cda5ed3c1362a1244e
BATCH-091,verified,codex-kierkegaard,codex-hypatia,ef0249232901dd11f3bc05a1ca676b73c246ee41edcdc1da685ad37a265fc33a,03071385a068b7ae8beb0164067dc8a7c4f9bb3d61594b23dc6b225ad8356b5e
BATCH-092,verified,codex-galileo,codex-root,1cbc9cbe991c7d2cfaa8f0574629d8aeee58a07d2aec58eab3e3d48fbc2391fe,534881eefc2ef46b8e8d23d10e8e1cfb34ac70554531144be65fd90797bcfe24
BATCH-093,verified,codex-galileo,codex-root,6201ce30a2955782cc24476431eb10ea08e6b9a6c6eba6056f0e2820dc1fc273,6c2a0b09441fba3aa9ac92f199af22bb12b41b4eac717a55eb8a8e83f9f15756
BATCH-094,verified,codex-galileo,codex-root,cddc51f9dc543a3bb87ee76a449701bb64f11fa466036505569f3a079ff1a6fa,9668bb783080f366766614d93435c1084166adbb37fdc0913656b3784ba72f44
BATCH-095,verified,codex-root,codex-galileo,a4403d0ed652f488862608156df63f7291c8c89a6a3952facb1c52ff6ee1b290,63566961cc82c1b02e37df7b15931a3cb87130d7f835ecfc46a788610b4aedf9
BATCH-096,verified,codex-hypatia,codex-kierkegaard,e08fa4f7c20d6db0373b01da4b17c8caaa2619d8a02ecd24c0359dfc5cb3ba69,004b44609f8ccf32094047bb6b12c6877de52e32938861edbd1c0115f6f55fa2
BATCH-097,verified,codex-hypatia,codex-kierkegaard,ff11c3d68104c29fc99eeaeefdb15700a7c1abfd8d199f0c6db4c79dc06e4d29,5ae384ce96eae95b6a24025e44d12e35f495bcd0244786ba277ae8e7a2ebd117
BATCH-098,verified,codex-hypatia,codex-kierkegaard,28a44f0c10f07bce5a418b0d57a11cb145e59570110dd5500664043d08e03524,3df354ddcddff8f96d4a1a268cfd939f558c539c377b65902fdc91316d08a09f
BATCH-099,verified,codex-galileo,codex-hypatia,d35c8c95eec84182b28bcaa9fa0449cfa09d2f8dd8fa1998a6b5aecce69d1052,934217211eda6bd03c6b98224c8d427eb7ccb551bbc4dc1eeafb2fcee64689de
BATCH-100,verified,codex-galileo,codex-hypatia,b05344ec97ef166a20c681cf9fdbfe959638d875e9521bc63cb3e746c1396f22,cd3c1e9230f2b5760a1ceba87155142bacf723264fee845c26292c94b458de84
BATCH-101,verified,codex-galileo,codex-hypatia,c2c549d93892dfaab5e98ae274de9445c5f748d2f2bda5bb9114c8070f58554a,5bcaabcdb79323ec42a33ad8c2fd9d31f49abd9aa0ff81edbddd909fffce5111
BATCH-102,verified,codex-kierkegaard,codex-root,7b34292bdd3345c99d8bc832c3e8ab5a8db1587e8686eeb5a065e7147328842d,cb0e0fb0b19c2aa2fa27939f30e42ed117bb066563c0810efa18881f141238a0
BATCH-103,verified,codex-kierkegaard,codex-root,cc5694175a18c0eefd139e559098b2cd8db7ecbfbcb2231f9b238d329bec69b0,d91d964c2595ca7abbad0af0b65c980e4c27fb1472a9d8d9befcfa7e7d92bf85
BATCH-104,verified,codex-kierkegaard,codex-root,5a4816e31f80e952ab36abe48488c07751e45dabf811f7024e41ba1c43419bed,4c11fa02acbcf8502656309069de922ae7111306ee4b44a9485964538982be7c
BATCH-105,verified,codex-root,codex-galileo,a7a1a2fbca174836282285099d00c678c534275ebe7c89398edf6ee4d2319d2b,bee92815e999c9673d449778d991da72c071e969d42407c128e0824f4001f91e
BATCH-106,verified,codex-hypatia,codex-kierkegaard,56b0ea27da9a34ac587303eb44cc94a0e4d837aedf2a88ffa16825713fe29e4c,f7f42094e1caae39eb060a541e360dee151f60248c72d6d13683289ae5598e00
BATCH-107,verified,codex-hypatia,codex-kierkegaard,a3f39c2756d0e75529a0fcae7d04e21f19769dfca1c7d60288d4eeb1ea5c0f01,31f8bcd318a58ef0b18ca1a627fd349540850e16e30882e34cf4acca68f2aa4e
BATCH-108,verified,codex-hypatia,codex-kierkegaard,edf8f1f38d8f2d989e015f987f0256c548db94ddee46ac7a8e72099c21c567b3,171037b62948d25b993437ecb574b9068cdd8379957bf487f1e7a330063d0ea4
BATCH-109,verified,codex-galileo,codex-hypatia,3eb242c02802c3a6bb735a8f028f01a383056cdb7cc3060a148434d24c70449f,e42b760f256d8376f610a14725dfa0b60ae9020076cadb7f2b82f05c277f5252
BATCH-110,verified,codex-galileo,codex-kierkegaard,7a733d7d13ccf4fad75741f446aaf84d64b21a468f9f04c7c9524ad6cfcc8f45,ef6a13e6c390e63e0b53a8708772020e393c63a9ea3574cf51a457cc7d420675
BATCH-111,verified,codex-galileo,codex-kierkegaard,1b56e26c9dcc620ca2d442a9d1e78ad387810c20e8452d43faa549bfe383a470,f48873d59a5291e1556ef8d78fa4a272e74bf0a7541b89bd50d694becc8cfe61
BATCH-112,verified,codex-galileo,codex-kierkegaard,7b0501b78df144c6aa8f9cf2460fcab438f58cb899e6ef9cf248d567b8976e12,31802eee571155352109b21d63a0e5dff9f71563c5adfeeca9ca7d25c2ad49ff
BATCH-113,verified,codex-galileo,codex-kierkegaard,0d271d962453aa8785390f30c9baa518469c358f9236871efdc20db2f0c0121a,d0845514226ad4760710ad0b330bef4ef689e401e96888a9cb7edfce71f8d1d8
BATCH-114,verified,codex-galileo,codex-kierkegaard,7a38d835864625adb60f990742871b84d03e1597b057dcfe004c74c5d6237e31,db6bcabbad1fa6a65c8ebf6dbfe65dd796666d6bfca2320fd8b3d4cdfdea6f5e
BATCH-115,verified,codex-galileo,codex-kierkegaard,7dc7afad40fa559e65f94ca56944a7d79b002aa861a2b952858b83a5fbb1b437,4f64aa7d18f11d53911861fcbcdbeb8ebe1167db05367c7a24f544f8f66efd94
BATCH-116,verified,codex-galileo,codex-kierkegaard,9f91e498fa683ed2423558ab9a837918eaea287bbec915ce48ec0a94c85d056a,a5f382f454d2ff005cfa6cb5da8886bbea51b04b832c997d09336579530c23e5
BATCH-117,verified,codex-galileo,codex-kierkegaard,2438b5f135d117daeb969dea6d43ad481cfe856ea58340eb42d5bd78e2afc52b,c4cedac431916be08b723de9805050eaf7f8d23187f2afeb5f361acd8e826ec1
BATCH-118,verified,codex-galileo,codex-kierkegaard,44c78e95b7ea30a5208db893d1d59aae9994f926b905a85809761aa8c8374fec,af7443dca9128977bca32875d6ea11464ec75cd61c00b8b9b4924d4ae652214e
BATCH-119,verified,codex-galileo,codex-kierkegaard,8ff6059d56816087e8c6b388b4ecdd5a5b16d559a86b19cf07bf89658e1bce99,622d05cffc1251e10af654751ddf6dca9b174628f4e52132fa506c0920afeabc
BATCH-120,verified,codex-galileo,codex-kierkegaard,d213be8b9dc41738665769761865838d0ca5391349c08add5129d2254071ec00,45c3d7e9a7ce699c602f443077d8666cfb00a9db30492c80fc0440f720d5590d
BATCH-121,verified,codex-hypatia,codex-kierkegaard,43d996e053459351efc7e35d2f6358d2c013aa309309f451cac002f9db6512c9,882c2c4b2628b2313ee4789807c0b0495f30ad7b0b0c45f3291635df8cf80cb1
BATCH-122,verified,codex-hypatia,codex-kierkegaard,539f413cca78b7bd964b6b52a5e57c7a95348d94994ade8b3e1291b1a7ddb16e,acf36b3d3d0b69a910d45a7f4ed2e1c0b58eaa28aafefb15fc8ca14eda48b9a9
BATCH-123,verified,codex-hypatia,codex-kierkegaard,f83303f1309cbe2fa760b5bad43b7b1013601177d70f0586b4015bae992384c6,b5411398a90d5b302ffa412a83a1ed217bef9488835783e6ccf45a567afa1bd1
BATCH-124,verified,codex-hypatia,codex-kierkegaard,6946a39e4ef179f809e7df533868261fafd30ada5bb0deaf5e48a52fa23cf551,fc84719dcf9b359cfe9f19ac1f5a93ae456bb3ba8872cf4e2b53c863049d38d5
BATCH-125,verified,codex-hypatia,codex-kierkegaard,d1a1918cecac27ec48ecaf7361cae56fc2b2754e7ee9791e9f94f6ee14581fda,bad685406ab48f9b5f9de0df234ac05882b2f44f81b7fbb87322f6b162682cd6
BATCH-126,verified,codex-hypatia,codex-kierkegaard,433cc829308eb6f42ee6cffc6f535036594f2399581684e7d0cc610b752229fe,4ebb90f68c0cea95630e7d3b56b5662ac733f25a6d405eb78b26d1d3464eab2d
BATCH-127,verified,codex-hypatia,codex-kierkegaard,34048463a2a90df546923e702018f4987a14ea43efa23516ff9914574ea87726,32364d41464dd35fc0039d235ee1f080960227175f4169c3848f5dd0727a2f5b
BATCH-128,verified,codex-hypatia,codex-kierkegaard,2315ee9e1fd8ba3c146d24850a4e46596b991d08c4933962f0c06778885bc22a,777c8a76194074548ace2185ef4eb1ed89e4ee3e349a88478eb1a832deef338c
BATCH-129,verified,codex-hypatia,codex-kierkegaard,9b22611ec1ba7249200573e7d4697d693b1bad01b07cf48d015c212d73c1a49f,9837102367b4078903e67c99e83659fca79a8cc76be61743ebcc597fd9995c4a
BATCH-130,verified,codex-hypatia,codex-kierkegaard,33218777765ef173d88b769bf9b0b94a540cd6c3587b6c74769cd7cb3c798e39,e2a2786a73786c477162e36c6221936527c4e62439070636e15e543dd50c9f84
BATCH-131,verified,codex-hypatia,codex-kierkegaard,0a957b79cf2dafdd1728c68aaafac8bfb8016622a8c472b1ba61a7dce2456628,b5925fa7d42b9d3f73a0be1c0b38404b08df9a364f3db6cfe44024711f3c3ae4
BATCH-132,verified,codex-galileo,codex-hypatia,94ec4f23df469a2bae70f582810a648b419a232a76b967e26969263645ff06b9,e0aed5355e7826646ebd6b31c33c51c36bb745477b16fa25a4d23be72d839c69
BATCH-133,verified,codex-galileo,codex-hypatia,6b7a9f3fcb1df66a13457f29293bba6e2cd888f047c423ccc91cb6fa4ca8edb1,0e5fdd2b016b7bb679d21bcadc1c130204a08c51243e9137d657e058ba774ff9
BATCH-134,verified,codex-galileo,codex-hypatia,9e8c3908a0eef0f8548807342e463485a610c3e037a41d071341df944a9e3989,506e6eee4da51d07324ba06aa054a9125f2f5458e481724ece62931feafab25c
BATCH-135,verified,codex-galileo,codex-hypatia,579f321177a0aab72616086b7d418a186913ec209d2aeb3e9d688ce81d827f75,a9b2533ac7dc45c05cfe05fa948aec2f0a8bb8b8324a682bf7c2315763191c39
BATCH-136,pending,,,d28ea730932e0ad5ad2eef8b0557e89bc0e698e24bc60ec3528e0bb22e36c80e,05741bcdc15b9ff908cf98f6b0ba7cadd80f4b10df22b3f71c6d1ca662a6ad90
BATCH-137,pending,,,64d1cc76098daae9d6d738057dcde491470e652b7eb8237a49ddd2b04a8a3681,e1abebf07cc365c0d09232a8a85178dde86a83d77e1202e20d1275a435ed1fb6
BATCH-138,pending,,,5a5e3ded747d321f5558dac470144ed7d8135df779650dbd40d0cd963ecce6e5,f95241d621ab229687d16df20703e731449a7527186529d3f902e5a6bd7dbdbd
BATCH-139,pending,,,2219cb9a74097ef47bd54becdbd2031292e78fc5271be3a6f5c462cfcaf49cea,9c4d12aa7881b4c4d525ed488a4ef77f2fa8d04ea18d736857326ceada1c71b3
BATCH-140,pending,,,4b6569c7de167b76e7c7f94b9f147b6774e0687dac315b4eb2db3a4889956272,334c5e62d20339d6aa6171c87de6c467f070e9ddc6e81ac58a9a2844c316b361
BATCH-141,pending,,,966c49885a431dd46cd25a016dbf997ea141adc43a7ea54072c2f79bcd864b68,c58e7d0e87980f5969b5abba1c82b07c1e7a047db6859193a61199dbd005a073
BATCH-142,pending,,,dc11e1d4220db20e5f3327798debf0d236bb934a0139c36239b3f121e4f64f10,36bbc72d39ef8c0a4341de2f4691abc1240373607cccfef3a33a2d302f151631
BATCH-143,pending,,,1f51b2bcf94dbc95f321b94fdec9b4afd1ad29b6dda9bdb2c267ecffb30d7752,6c8bfb46fae79d797532dc3a764ae38df3a6d2edc7cd9782d434fd170a5d6522
BATCH-144,pending,,,c7f26ab995c91dc52b40b3db8f85d239f7d7ca5481979c7dfa625e48b1e587d1,a03671da91e726c719961b5190b4c767e865d5968c543dc754438ff1d37ea2f5
BATCH-145,pending,,,ec89bf149714da4c5f7cf59406da54a9a8b6f0dfc38be1773389694b6b086da8,7d1685a2776e7ed1d53ba6924ef443977cb8c0460837892b88c9b98ac5ec0fc1
BATCH-146,pending,,,02fd247120af4c8058b2f884e51c32ecad627a2fdd8e2b4faccd7014931f55e6,ad6e8c0b23cef362ddab49add998fef48ce25215101efbb99786e7a4586beba3
BATCH-147,pending,,,363bd5146dee0dc23e215ab815342c7d31b44f8882e2d82b2b9addef981c17a1,cd5a771d0b1cd54460569ac38692ce0eb5f2a97aeff08f500942ea00495bbbf8
BATCH-148,pending,,,e07ce163d9ddfd10d3f5656f22cfcea2bca057a3f565ac6de819332bbfd70e8e,38cadd298b9293fb2d213c80afa7b5dc72b420bc6fca899a5ada51478dad7970
BATCH-149,pending,,,5b5175b5eceecf26cfe960a8aa606c477f68b4ea4ceef2c0fff3b54c99804858,079603ae920b4a63a7b4ff4f120ca148ec9b378882fe7dfa5dbbfe26de097195
BATCH-150,pending,,,e095f831cd91fa288d765cd58bc930e41a381ae96e52c434e6014b98eab36bce,29f8ad80cd6c19ee6d07491c2c89396b1d4827ad6ab604dccd8c1ebd4ab5559c
BATCH-151,pending,,,001c7b6a405c5921eb0a67ece9a34e2df6b76922803c2d5995bb2513e5850ecc,341c8687e4dc7ee6c415c4360cc60b03762029f8aadaf59428cf858b88f3120b
BATCH-152,pending,,,a4d09a1b56af79e5daad1d5637e54c4fa160db77e02d83c8b713096043e3cab2,ee644ae3efb8b17c9518487c74bca0d917c88b050b9ff09523795c819e7ce440
BATCH-153,pending,,,4dc8853e46e1dc367286614c4209ba4306469170dd7db8da7ae1f1513201726f,9bc4366889a10739c3ec32aa8d470ecfa117aed332108bd6c1065918e7c18fcf
BATCH-154,pending,,,0735e8e8181415520c877c6ddec27581a203e1c3a82528e9ea90be71a8cb59d9,e5916d63dd02ef78e9b99fc8b43f09b9ab95aa714193c41837d9e40e014f5687
BATCH-155,pending,,,e821a373aa59bdda4e6e55d24b333cd7e3f895624cc83c82e06548943f8a29eb,c0e2b00ccdd51558af114d14aeaaa74e8bf504ddfe9fbb570490e84281e2ac3f
BATCH-156,pending,,,58659c22540825f691476965b0d1e975c19c17d60425845d3fb877da96fc8334,deb6841cdec1d2ff6523f10d978298c906a862c4e92cf977ebc17b22cd6ab439
BATCH-157,pending,,,534ff250e9614cdc63808dc26544cde6bf8b3209f3a72e8c211535a3ae7ee070,204dba735d0a2f2817753763fcd7a256da8af2da388bc68eea671b6c128e09be
BATCH-158,pending,,,ff890dffacc4dd5f05a71149ee2dd902eb5c07775e7c516ebb6a02bf94f33c76,1531528980e4b47e5705a4a9ba0fad4c66c5279956ccbe45cff3a45cf30b338f
BATCH-159,pending,,,8e765153d9f3b69b717efedf61ad1b57e891e7ee2ef050bc5ee1c6f70854b604,b4a9659e9057b1d90da79d609ef561188280c79fda8002a80f1f2226be5dc9ac
BATCH-160,pending,,,a7417f93a58663b87863e5edb3460ff47f1298110b55df6367a5370f092384eb,19ddaf8194cc5a04271443d9ee3795ca6d699d331fe979fc3a2b451d4b8ec705
BATCH-161,pending,,,72761c2504f8fb283fe4033dee4b473bb33414c119f8f53a9467fb6800da51fa,4f2b0b8ea2b807bee2bf7c423c788f842a266fb51523b3baaa9286505d7e185c
BATCH-162,pending,,,98b12c3496f78e0470f8abc2fca6e71875f323170f83e0e253398900df071ed1,cbeca4c3cbca6ab245cf11321c0ace2f5b739cdb9a8079d2f6f57d96e3d125a2
BATCH-163,pending,,,7f6587d9e366b92a16388a5446b0ec58e1430015fbe4f8018cf1dbde5f206a50,6fc1be838415c1f5958b4a0fa5fd53c9a60c90ef6d4de5f5bf514808d8c95f44
BATCH-164,pending,,,bda25c7d596dfa31c1f8bb936ba96a3d32772146e256c0c31de32e060c9a6d58,a0090fa3ef0ecc98bb69530af19e2af9fb115f47d9abaeee9fd5d97a37bdb272
BATCH-165,pending,,,7fff3493f1668030a36728ae62ee3c870fbc0978a1737d08c79f0a1ce41b1511,1487e434c9efc8835a855f76576470f04c7409318d1609e7ec2d0e249bf16f9d
BATCH-166,pending,,,2b8f93ac392c9732ffbc3b00c4ca51cc954e172a31ba1bd2342c39bbf6834156,53b0da92f876b9a5a795735b6300eb19306fec16face6cb91d4e71d0064b61e6
BATCH-167,pending,,,f1de2c2adef98d44670556a8ee1588bde43871c51a44dc710308ec08a4f89055,a63628350b2cdfc925eccb072b1bc41fbfcb824cad9c8e3efbe767cf206007ec
BATCH-168,pending,,,3c9e71f47025b245bf83f62440a9b682e63f0630828cf8f6731240c9867549e0,42015745898482fb4a3e8a07fe57fd2294a2705bccd7ca0c33c7b8cd0082dddd
BATCH-169,pending,,,ec244a1455a5b97e36c0b62b74c611ee0b3e1d5ea8742ba7eea19473a22b2325,79d7681a806096a4dd6fe3d61ca22eee425f1c683692b7c5f250bcee63f732df
BATCH-170,pending,,,2e772d72e769b16cdb155f39986c4feaa9dfb49060546d7670caeb0e9c018027,aaa127f8c94083850a8eb232b9fd44c009a252133e5f039c9d81d7d505b07695
BATCH-171,pending,,,def4750c5304273b39de8bc3ea3462f3bf1895c2074910849a3d82ddd6e6e6d0,0a3fdcebcab0b241fb308825f348908206d9f0abda39cdfd2cae6ecce84d8dcc
BATCH-172,pending,,,e0cd2fe79a8c4d42fe41450d596fdb346d0593deaf608dc6c117ee881fe5e31e,97172c2cc797f6de04b07a1f057756a135f91c07d1a85ba1babb0297cabd0013
BATCH-173,pending,,,20cbd315c2edd1f719db2799207a0fdbd9f4338e9bcd48476097b9bd29b68a06,05d71bf20ce8ae08be89b000ba11521dea817e80d57cc8049a87329a26720148
BATCH-174,pending,,,ae79c75873c22c4428e2c5900d35ae018d470ae8a8c669af1d27d30b41f21324,672434ca14eac35c1b62861425813ae0ace4c175dd06b514565ca4ff7927a969
BATCH-175,pending,,,f7b70f8c511b2c88c4253a89af451caa42dca3882f312492826416ddda5fe7fa,232e1514f4e95af2bf4be6448a304b027fd0c48fa56ae18df7efc7d2f74718eb
BATCH-176,pending,,,1c154d8c5e29c6a204ae00b975c3f6143c1c4df793dea01691bf02b1e104053c,b1d445752eabf1a6b27e562b2d8bc592843656ee5dbb2f5be9c57421a8538df3
BATCH-177,pending,,,c8e2698f98adf5020d12ccd5315ac3f4655c36d14056add318aece6a4ddbfc7f,d3fe3eeb0553658a214e4f55579cfe1851d23cb9aa8008260b17751944d999c0
BATCH-178,pending,,,50e67d07c0a995b5f6df65fdd55553994dfe073e27a775b4f88c44727a400131,7a3bbfa0abc56d01e06bf1b5d04598f712ed438441b4af7652adbab8a8403456
BATCH-179,pending,,,750eca99daee441fabe610f6a2bd26bb7785c8ba3e9ae6b106b015ee5b819a48,3778bc55218af64a957f276e6e6277ee77cfa1411fb101db27dce956cf551073
BATCH-180,pending,,,8fe39c75c8c8749a17567bc083ce3ae1ddf71e1c6857ca128b3c4b2dbc17566f,0c5140c41c43ed05ca1c6fa79ca942b79b2e3e051d1a4b96dde4763e8bc4ab28
BATCH-181,pending,,,526f8e6862aef56a5ee4af0b38e9fc9a0df835b8aeeda63db9352975a3d2c086,045b3a7aa61cbd99abe17a6202c9f52921ba8e107dbd488b575dd5447bee480e
BATCH-182,pending,,,832dcdf0395338990876a297855c779d5f0338736e9995d4ec2ccbf5593f8843,6db3b5e61d1ad77b4fc895f9cbf081c4b126ee39471f2a3ca2eb37af2aed5d82
BATCH-183,pending,,,2abd272b450638ae255ec736c60c8f3ffa2ce16d08d17f632bcb9b035df45a14,8700b571eca720f8be3dfff02d1f25dfd4018f9d109090eb4800786c475a8592
BATCH-184,pending,,,2352dddb303fbc1c9612570d14ac2bbbe1653dcb9ed2dfb4675df1935cb3d07a,68137f30c30b02853e60053f76b8418e70039d7ac53d7589db3af76fcd7ee102
