begrip,definitie,categorie,organisatorische_context,juridische_context,wettelijke_basis,status,validation_score,created_at,updated_at,voorkeursterm,voorbeeld_zinnen,praktijkvoorbeelden,tegenvoorbeelden,synoniemen,antoniemen,toelichting
besluit,Resultaat van besluitvorming door een bestuursorgaan in de vorm van een schriftelijke beslissing die een publiekrechtelijke rechtshandeling inhoudt.,resultaat,[],"[""Bestuursrecht""]","[""Algemene wet bestuursrecht""]",draft,,2026-09-17T10:43:11.906172,2026-09-17T10:43:40,,"Het college van burgemeester en wethouders nam een besluit tot verlening van de omgevingsvergunning, waartegen belanghebbenden op grond van de Algemene wet bestuursrecht bezwaar konden maken.; Tegen het besluit van het bestuursorgaan om de subsidie af te wijzen, stond binnen zes weken beroep open bij de bestuursrechter.; Het bestuursorgaan maakte het besluit schriftelijk bekend, zodat de publiekrechtelijke rechtshandeling rechtsgevolg kreeg voor de betrokken burger.",# Drie praktische voorbeelden van 'besluit' in het bestuursrecht; ## Voorbeeld 1: Verlening van een omgevingsvergunning; Een inwoner dient bij de gemeente een aanvraag in voor het bouwen van een dakkapel. Het college van burgemeester en wethouders (bestuursorgaan) beoordeelt de aanvraag en verstrekt een **schriftelijke omgevingsvergunning**. Dit is een besluit in de zin van de Awb:; Het is een schriftelijke beslissing; Genomen door een bestuursorgaan; Het bevat een publiekrechtelijke rechtshandeling (er ontstaat een recht om te bouwen); De aanvrager kan hiertegen bezwaar maken; ## Voorbeeld 2: Toekenning of afwijzing van een bijstandsuitkering; Een burger vraagt bij de gemeente een uitkering aan op grond van de Participatiewet. De gemeente (bestuursorgaan) neemt een **schriftelijk besluit** waarin de uitkering wordt toegekend of afgewezen:; De beslissing is op schrift gesteld (beschikking); Er wordt een rechtsverhouding vastgesteld (recht op uitkering); Het besluit is gericht op rechtsgevolg; Bij afwijzing staat de bezwaar- en beroepsprocedure open; ## Voorbeeld 3: Opleggen van een bestuurlijke boete; De Belastingdienst of een gemeentelijke handhavingsambtenaar constateert een overtreding en legt een **schriftelijke bestuurlijke boete** op (bijvoorbeeld bij milieuovertredingen of belastingfraude):; De boetebeschikking is schriftelijk vastgelegd; Genomen door een bevoegd bestuursorgaan; Het roept een betalingsverplichting in het leven (rechtsgevolg); De betrokkene kan bezwaar aantekenen,"Feitelijke handeling: **Voorbeeld:** Het daadwerkelijk (laten) slopen van een pand door de gemeente, of het maaien van een berm.

**Waarom geen besluit:** Een feitelijke handeling is geen *rechtshandeling*. Er wordt geen rechtsgevolg in het leven geroepen door de handeling zelf; het is een fysieke/materiële uitvoering. De definitie vereist een ""publiekrechtelijke rechtshandeling"", waaraan een feitelijke handeling niet voldoet.; Privaatrechtelijke rechtshandeling: **Voorbeeld:** Het sluiten van een koopovereenkomst door een gemeente voor de aankoop van grond, of het aangaan van een huurcontract.

**Waarom geen besluit:** Hoewel dit een rechtshandeling is die rechtsgevolg heeft, is deze *privaatrechtelijk* van aard en niet *publiekrechtelijk*. De definitie vereist expliciet een publiekrechtelijke rechtshandeling; het bestuursorgaan handelt hier als ""gewone"" marktpartij.; Mondelinge beslissing / inlichting: **Voorbeeld:** Een ambtenaar deelt telefonisch of aan de balie mondeling mee dat een aanvraag wordt toegewezen, of geeft een mondelinge toezegging.

**Waarom geen besluit:** De definitie vereist een *schriftelijke* beslissing. Een mondelinge mededeling, inlichting of toezegging voldoet niet aan het schriftelijkheidsvereiste en valt daarom (nog) niet onder het besluitbegrip.

---

**Aanvullende twijfelgevallen** (ter overweging):
- **Beleidsregel/interne instructie zonder extern rechtsgevolg** – kan discutabel zijn (algemeen verbindend voorschrift vs. besluit van algemene strekking).
- **Voorbereidingshandeling** (bijv. een advies of concept) – nog geen definitieve beslissing met rechtsgevolg.

Wil je dat ik ook grensgevallen uitwerk die er juist *wél* onder vallen, ter contrast?","beschikking, besluitvorming, rechtshandeling, beslissing, bestuurshandeling","feitelijke handeling, nalaten, privaatrechtelijke rechtshandeling, mondelinge mededeling, voornemen","In het bestuursrecht is een 'besluit' een centraal begrip dat op grond van de Algemene wet bestuursrecht (artikel 1:3 Awb) wordt gedefinieerd als een schriftelijke beslissing van een bestuursorgaan die een publiekrechtelijke rechtshandeling inhoudt; het gaat dus om een uitkomst van besluitvorming die op schrift is gesteld, afkomstig is van een overheidsorgaan en gericht is op rechtsgevolg binnen het publieke recht, zoals het verlenen van een vergunning, het toekennen of weigeren van een subsidie of het opleggen van een boete. Dit begrip is in de praktijk van groot belang omdat het bepaalt of een overheidshandeling vatbaar is voor bezwaar en beroep: alleen wanneer sprake is van een besluit in de zin van de wet, staan voor belanghebbenden de bestuursrechtelijke rechtsbeschermingsmogelijkheden open en gelden de bijbehorende waarborgen rond zorgvuldigheid, motivering en bekendmaking. Daarmee vormt het 'besluit' de scharnier tussen het handelen van de overheid en de rechtsbescherming van burgers, en is een correcte kwalificatie ervan essentieel voor zowel het bestuursorgaan als de betrokkenen."
besluit,"schriftelijke beslissing van een bestuursorgaan, inhoudende een publiekrechtelijke rechtshandeling",OTH,Algemeen,,[],review,,2026-09-17T10:37:19.366189,2026-09-17T10:39:31.744732,,,,,,,
registratie,Handeling waarbij gegevens worden vastgelegd in een gestructureerd systeem voor latere raadpleging,proces,OM,,[],review,0.78,2026-09-17T10:27:28,2026-09-17T10:39:31.745463,,,,,,,
verificatie,Proces waarbij identiteitsgegevens systematisch worden gecontroleerd tegen authentieke bronregistraties,proces,DJI,strafrecht,[],established,0.95,2026-09-17T10:27:28,2026-09-17T10:27:28,,,,,,,
